{
    "type": "Computed",
    "min": 0,
    "max": 10,
    "dimention": 6,
    "matAj": [
        [
            1,
            2,
            2,
            1,
            2,
            5
        ],
        [
            4,
            0,
            5,
            0,
            10,
            7
        ],
        [
            6,
            0,
            3,
            6,
            10,
            8
        ],
        [
            2,
            5,
            3,
            3,
            3,
            0
        ],
        [
            5,
            6,
            9,
            10,
            9,
            3
        ],
        [
            1,
            1,
            9,
            0,
            2,
            1
        ]
    ],
    "matBj": [
        1,
        7,
        10,
        5,
        2,
        1
    ],
    "solvedj": [
        5.948872977989921,
        0.5345001325908249,
        -0.27727393264386097,
        -1.5362503314770615,
        -1.3765579421903995,
        -0.23479183240519752
    ]
}