{
    "type": "Computed",
    "min": 0,
    "max": 20,
    "dimention": 6,
    "matAj": [
        [
            12,
            4,
            18,
            16,
            11,
            8
        ],
        [
            11,
            4,
            11,
            13,
            0,
            12
        ],
        [
            15,
            7,
            12,
            9,
            10,
            10
        ],
        [
            9,
            5,
            0,
            15,
            15,
            3
        ],
        [
            5,
            14,
            17,
            2,
            5,
            14
        ],
        [
            11,
            8,
            10,
            20,
            16,
            6
        ]
    ],
    "matBj": [
        9,
        5,
        11,
        1,
        8,
        17
    ],
    "solvedj": [
        2.9358758541303325,
        5.025224702812408,
        1.1632443753975852,
        0.8634646425743128,
        -3.0431273611646024,
        -5.951355140793567
    ]
}